{"loss": [1.3395806550979614, 0.45573779940605164, 0.2651708424091339, 0.18388962745666504, 0.13783085346221924, 0.11215062439441681, 0.09032087028026581, 0.07216005027294159, 0.06491111218929291, 0.056907884776592255], "accuracy": [0.6037129163742065, 0.8576570153236389, 0.914161741733551, 0.9402375817298889, 0.9546767473220825, 0.9632263779640198, 0.9702396988868713, 0.9763283133506775, 0.979714035987854, 0.9818479418754578], "val_loss": [0.5111625790596008, 0.32125499844551086, 0.2321990728378296, 0.16666388511657715, 0.13607273995876312, 0.14642681181430817, 0.13049407303333282, 0.1354021579027176, 0.10763733834028244, 0.11126125603914261], "val_accuracy": [0.8381516337394714, 0.8986455798149109, 0.928579568862915, 0.9472455978393555, 0.9579444527626038, 0.9543023109436035, 0.9592533707618713, 0.9585704803466797, 0.9701798558235168, 0.9653995037078857]}